receiver,q,snr_db,spacing_ghz,residual_linewidths,ber
adaptive_pedestal,3000,25.0,100.0,0.0,0.00010171389334271944
adaptive_pedestal,3000,25.0,100.0,0.008333333333333333,0.00010244069420674393
adaptive_pedestal,3000,25.0,100.0,0.016666666666666666,0.00010459939626824571
adaptive_pedestal,3000,25.0,100.0,0.025,0.0001082650556303332
adaptive_pedestal,3000,25.0,100.0,0.03333333333333333,0.00011356594370207307
adaptive_pedestal,3000,25.0,100.0,0.041666666666666664,0.000120689201147157
adaptive_pedestal,3000,25.0,100.0,0.05,0.00012988902883527103
adaptive_pedestal,3000,25.0,100.0,0.058333333333333334,0.00014149769994020205
adaptive_pedestal,3000,25.0,100.0,0.06666666666666667,0.0001559397519046726
adaptive_pedestal,3000,25.0,100.0,0.075,0.000173749783319791
adaptive_pedestal,3000,25.0,100.0,0.08333333333333333,0.00019559433317756827
adaptive_pedestal,3000,25.0,100.0,0.09166666666666666,0.00022229835063093065
adaptive_pedestal,3000,25.0,100.0,0.1,0.0002548767622575772
adaptive_pedestal,3000,25.0,100.0,0.10833333333333334,0.00029457159869507744
adaptive_pedestal,3000,25.0,100.0,0.11666666666666667,0.0003428950396871596
adaptive_pedestal,3000,25.0,100.0,0.125,0.0004016785619030337
adaptive_pedestal,3000,25.0,100.0,0.13333333333333333,0.0004731281144622292
adaptive_pedestal,3000,25.0,100.0,0.14166666666666666,0.0005598848935813805
adaptive_pedestal,3000,25.0,100.0,0.15,0.0006650908372244314
adaptive_pedestal,3000,25.0,100.0,0.15833333333333333,0.0007924574196506112
adaptive_pedestal,3000,25.0,100.0,0.16666666666666666,0.0009463357133149138
adaptive_pedestal,3000,25.0,100.0,0.175,0.001131785035293522
adaptive_pedestal,3000,25.0,100.0,0.18333333333333332,0.0013546368562476951
adaptive_pedestal,3000,25.0,100.0,0.19166666666666665,0.001621550084868892
adaptive_pedestal,3000,25.0,100.0,0.2,0.0019400534227807936
adaptive_pedestal,3000,25.0,100.0,0.20833333333333334,0.0023185702903772837
adaptive_pedestal,3000,25.0,100.0,0.21666666666666667,0.0027664219236414674
adaptive_pedestal,3000,25.0,100.0,0.225,0.0032938046897768676
adaptive_pedestal,3000,25.0,100.0,0.23333333333333334,0.0039117384924034476
adaptive_pedestal,3000,25.0,100.0,0.24166666666666667,0.004631984325627097
adaptive_pedestal,3000,25.0,100.0,0.25,0.005466930538830261
adaptive_pedestal,3000,25.0,100.0,0.2583333333333333,0.0064294490960229815
adaptive_pedestal,3000,25.0,100.0,0.26666666666666666,0.0075327249227845495
adaptive_pedestal,3000,25.0,100.0,0.275,0.008790063171295973
adaptive_pedestal,3000,25.0,100.0,0.2833333333333333,0.01021468073006217
adaptive_pedestal,3000,25.0,100.0,0.2916666666666667,0.01181948939822116
adaptive_pedestal,3000,25.0,100.0,0.3,0.013616878701137078
adaptive_pedestal,3000,25.0,100.0,0.30833333333333335,0.015618506255817406
adaptive_pedestal,3000,25.0,100.0,0.31666666666666665,0.0178351028716588
adaptive_pedestal,3000,25.0,100.0,0.325,0.020276298230200482
adaptive_pedestal,3000,25.0,100.0,0.3333333333333333,0.02295047113000067
adaptive_pedestal,3000,25.0,100.0,0.3416666666666667,0.02586462607376934
adaptive_pedestal,3000,25.0,100.0,0.35,0.02902429562826344
adaptive_pedestal,3000,25.0,100.0,0.35833333333333334,0.032433465749009634
adaptive_pedestal,3000,25.0,100.0,0.36666666666666664,0.03609451938756287
adaptive_pedestal,3000,25.0,100.0,0.375,0.0400081924289245
adaptive_pedestal,3000,25.0,100.0,0.3833333333333333,0.04417353553753621
adaptive_pedestal,3000,25.0,100.0,0.39166666666666666,0.04858787594718497
adaptive_pedestal,3000,25.0,100.0,0.4,0.05324677464273535
adaptive_pedestal,3000,25.0,100.0,0.4083333333333333,0.05814397666679145
adaptive_pedestal,3000,25.0,100.0,0.4166666666666667,0.06327135524131271
adaptive_pedestal,3000,25.0,100.0,0.425,0.06861885371409329
adaptive_pedestal,3000,25.0,100.0,0.43333333333333335,0.07417443263278875
adaptive_pedestal,3000,25.0,100.0,0.44166666666666665,0.07992403208558363
adaptive_pedestal,3000,25.0,100.0,0.45,0.0858515614126746
adaptive_pedestal,3000,25.0,100.0,0.4583333333333333,0.09193892914352697
adaptive_pedestal,3000,25.0,100.0,0.4666666666666667,0.09816612533395275
adaptive_pedestal,3000,25.0,100.0,0.475,0.10451136631355007
adaptive_pedestal,3000,25.0,100.0,0.48333333333333334,0.1109513083461392
adaptive_pedestal,3000,25.0,100.0,0.49166666666666664,0.11746133218358396
adaptive_pedestal,3000,25.0,100.0,0.5,0.12401589546576912
adaptive_pedestal,3000,25.0,100.0,0.5083333333333333,0.1305889450530419
adaptive_pedestal,3000,25.0,100.0,0.5166666666666666,0.13715437747130746
adaptive_pedestal,3000,25.0,100.0,0.525,0.14368653359797068
adaptive_pedestal,3000,25.0,100.0,0.5333333333333333,0.15016071442284462
adaptive_pedestal,3000,25.0,100.0,0.5416666666666666,0.15655370890689785
adaptive_pedestal,3000,25.0,100.0,0.55,0.16284433283294553
adaptive_pedestal,3000,25.0,100.0,0.5583333333333333,0.16901398827711717
adaptive_pedestal,3000,25.0,100.0,0.5666666666666667,0.1750472645950154
adaptive_pedestal,3000,25.0,100.0,0.575,0.1809326095726559
adaptive_pedestal,3000,25.0,100.0,0.5833333333333334,0.18666309838984865
adaptive_pedestal,3000,25.0,100.0,0.5916666666666667,0.19223731325549281
adaptive_pedestal,3000,25.0,100.0,0.6,0.19766031541575896
adaptive_pedestal,3000,25.0,100.0,0.6083333333333333,0.2029446458694366
adaptive_pedestal,3000,25.0,100.0,0.6166666666666667,0.20811123972753492
adaptive_pedestal,3000,25.0,100.0,0.625,0.2131900950856453
adaptive_pedestal,3000,25.0,100.0,0.6333333333333333,0.21822051574968393
adaptive_pedestal,3000,25.0,100.0,0.6416666666666666,0.22325076014232514
adaptive_pedestal,3000,25.0,100.0,0.65,0.22833697989687757
adaptive_pedestal,3000,25.0,100.0,0.6583333333333333,0.2335414135910819
adaptive_pedestal,3000,25.0,100.0,0.6666666666666666,0.23892989632817113
adaptive_pedestal,3000,25.0,100.0,0.675,0.244568832077655
adaptive_pedestal,3000,25.0,100.0,0.6833333333333333,0.25052183317282284
adaptive_pedestal,3000,25.0,100.0,0.6916666666666667,0.2568462503094655
adaptive_pedestal,3000,25.0,100.0,0.7,0.263589800518503
adaptive_pedestal,3000,25.0,100.0,0.7083333333333334,0.27078746540063653
adaptive_pedestal,3000,25.0,100.0,0.7166666666666667,0.2784587977029665
adaptive_pedestal,3000,25.0,100.0,0.725,0.2866057563963166
adaptive_pedestal,3000,25.0,100.0,0.7333333333333333,0.2952111907779825
adaptive_pedestal,3000,25.0,100.0,0.7416666666666667,0.30423809895057374
adaptive_pedestal,3000,25.0,100.0,0.75,0.3136297715755336
adaptive_pedestal,3000,25.0,100.0,0.7583333333333333,0.3233108777434378
adaptive_pedestal,3000,25.0,100.0,0.7666666666666666,0.3331894544225358
adaptive_pedestal,3000,25.0,100.0,0.775,0.3431596494737378
adaptive_pedestal,3000,25.0,100.0,0.7833333333333333,0.35312591025765383
adaptive_pedestal,3000,25.0,100.0,0.7916666666666666,0.3629481029268886
adaptive_pedestal,3000,25.0,100.0,0.8,0.3724947053614691
adaptive_pedestal,3000,25.0,100.0,0.8083333333333333,0.3816383282453601
adaptive_pedestal,3000,25.0,100.0,0.8166666666666667,0.39025597312273325
adaptive_pedestal,3000,25.0,100.0,0.825,0.39823339300758076
adaptive_pedestal,3000,25.0,100.0,0.8333333333333334,0.4054698893425651
adaptive_pedestal,3000,25.0,100.0,0.8416666666666667,0.4118834442028642
adaptive_pedestal,3000,25.0,100.0,0.85,0.41741588451713413
adaptive_pedestal,3000,25.0,100.0,0.8583333333333333,0.4220376259273816
adaptive_pedestal,3000,25.0,100.0,0.8666666666666667,0.42575147741203845
adaptive_pedestal,3000,25.0,100.0,0.875,0.4285949821356975
adaptive_pedestal,3000,25.0,100.0,0.8833333333333333,0.43064079285166434
adaptive_pedestal,3000,25.0,100.0,0.8916666666666666,0.4319946404563918
adaptive_pedestal,3000,25.0,100.0,0.9,0.4327906133924857
adaptive_pedestal,3000,25.0,100.0,0.9083333333333333,0.4331837867580154
adaptive_pedestal,3000,25.0,100.0,0.9166666666666666,0.43334070920823947
adaptive_pedestal,3000,25.0,100.0,0.9249999999999999,0.4334287426372537
adaptive_pedestal,3000,25.0,100.0,0.9333333333333333,0.4336055549005169
adaptive_pedestal,3000,25.0,100.0,0.9416666666666667,0.43401003570809005
adaptive_pedestal,3000,25.0,100.0,0.95,0.4347555354275078
adaptive_pedestal,3000,25.0,100.0,0.9583333333333334,0.4359257749648875
adaptive_pedestal,3000,25.0,100.0,0.9666666666666667,0.437573276746866
adaptive_pedestal,3000,25.0,100.0,0.975,0.43971989437152925
adaptive_pedestal,3000,25.0,100.0,0.9833333333333333,0.44235901447180515
adaptive_pedestal,3000,25.0,100.0,0.9916666666666667,0.4454591105213618
adaptive_pedestal,3000,25.0,100.0,1.0,0.4489684499246471
adaptive_pedestal,5200,25.0,100.0,0.0,1.4652029761537424e-11
adaptive_pedestal,5200,25.0,100.0,0.008333333333333333,1.4860873354320076e-11
adaptive_pedestal,5200,25.0,100.0,0.016666666666666666,1.5501633494732625e-11
adaptive_pedestal,5200,25.0,100.0,0.025,1.662650630939887e-11
adaptive_pedestal,5200,25.0,100.0,0.03333333333333333,1.8329725640810254e-11
adaptive_pedestal,5200,25.0,100.0,0.041666666666666664,2.0759762677568523e-11
adaptive_pedestal,5200,25.0,100.0,0.05,2.413914062567128e-11
adaptive_pedestal,5200,25.0,100.0,0.058333333333333334,2.879521904724416e-11
adaptive_pedestal,5200,25.0,100.0,0.06666666666666667,3.520728920039101e-11
adaptive_pedestal,5200,25.0,100.0,0.075,4.407835259776567e-11
adaptive_pedestal,5200,25.0,100.0,0.08333333333333333,5.6444640909971786e-11
adaptive_pedestal,5200,25.0,100.0,0.09166666666666666,7.384323414328636e-11
adaptive_pedestal,5200,25.0,100.0,0.1,9.856951034779047e-11
adaptive_pedestal,5200,25.0,100.0,0.10833333333333334,1.3407389050282308e-10
adaptive_pedestal,5200,25.0,100.0,0.11666666666666667,1.8557496314744987e-10
adaptive_pedestal,5200,25.0,100.0,0.125,2.610089448196678e-10
adaptive_pedestal,5200,25.0,100.0,0.13333333333333333,3.725017459775602e-10
adaptive_pedestal,5200,25.0,100.0,0.14166666666666666,5.38651937704862e-10
adaptive_pedestal,5200,25.0,100.0,0.15,7.880689131474562e-10
adaptive_pedestal,5200,25.0,100.0,0.15833333333333333,1.1648472643243763e-09
adaptive_pedestal,5200,25.0,100.0,0.16666666666666666,1.7370144900577603e-09
adaptive_pedestal,5200,25.0,100.0,0.175,2.6095194693225947e-09
adaptive_pedestal,5200,25.0,100.0,0.18333333333333332,3.944110051206514e-09
adaptive_pedestal,5200,25.0,100.0,0.19166666666666665,5.989583654035596e-09
adaptive_pedestal,5200,25.0,100.0,0.2,9.127523112696533e-09
adaptive_pedestal,5200,25.0,100.0,0.20833333333333334,1.3940929605280087e-08
adaptive_pedestal,5200,25.0,100.0,0.21666666666666667,2.1316358090417795e-08
adaptive_pedestal,5200,25.0,100.0,0.225,3.259451569967243e-08
adaptive_pedestal,5200,25.0,100.0,0.23333333333333334,4.979010539149457e-08
adaptive_pedestal,5200,25.0,100.0,0.24166666666666667,7.590931316478135e-08
adaptive_pedestal,5200,25.0,100.0,0.25,1.1540306655533492e-07
adaptive_pedestal,5200,25.0,100.0,0.2583333333333333,1.7480630101088188e-07
adaptive_pedestal,5200,25.0,100.0,0.26666666666666666,2.6362810864406697e-07
adaptive_pedestal,5200,25.0,100.0,0.275,3.955747652954503e-07
adaptive_pedestal,5200,25.0,100.0,0.2833333333333333,5.902069060502307e-07
adaptive_pedestal,5200,25.0,100.0,0.2916666666666667,8.751528389794345e-07
adaptive_pedestal,5200,25.0,100.0,0.3,1.2890209884706079e-06
adaptive_pedestal,5200,25.0,100.0,0.30833333333333335,1.8851740746873233e-06
adaptive_pedestal,5200,25.0,100.0,0.31666666666666665,2.7365436913439582e-06
adaptive_pedestal,5200,25.0,100.0,0.325,3.941673830599853e-06
adaptive_pedestal,5200,25.0,100.0,0.3333333333333333,5.63218272372897e-06
adaptive_pedestal,5200,25.0,100.0,0.3416666666666667,7.981821165178004e-06
adaptive_pedestal,5200,25.0,100.0,0.35,1.1217279560586975e-05
adaptive_pedestal,5200,25.0,100.0,0.35833333333333334,1.5630853185453803e-05
adaptive_pedestal,5200,25.0,100.0,0.36666666666666664,2.159501443098704e-05
adaptive_pedestal,5200,25.0,100.0,0.375,2.9578862321797105e-05
adaptive_pedestal,5200,25.0,100.0,0.3833333333333333,4.0166325040604744e-05
adaptive_pedestal,5200,25.0,100.0,0.39166666666666666,5.4075883975709024e-05
adaptive_pedestal,5200,25.0,100.0,0.4,7.21814729151403e-05
adaptive_pedestal,5200,25.0,100.0,0.4083333333333333,9.553408981987949e-05
adaptive_pedestal,5200,25.0,100.0,0.4166666666666667,0.00012538354845746173
adaptive_pedestal,5200,25.0,100.0,0.425,0.00016319970082642163
adaptive_pedestal,5200,25.0,100.0,0.43333333333333335,0.00021069238629592828
adaptive_pedestal,5200,25.0,100.0,0.44166666666666665,0.000269829316397907
adaptive_pedestal,5200,25.0,100.0,0.45,0.0003428510904408506
adaptive_pedestal,5200,25.0,100.0,0.4583333333333333,0.0004322825598040336
adaptive_pedestal,5200,25.0,100.0,0.4666666666666667,0.0005409398188764576
adaptive_pedestal,5200,25.0,100.0,0.475,0.0006719321966881112
adaptive_pedestal,5200,25.0,100.0,0.48333333333333334,0.0008286587515948416
adaptive_pedestal,5200,25.0,100.0,0.49166666666666664,0.0010147989261514259
adaptive_pedestal,5200,25.0,100.0,0.5,0.001234297193184246
adaptive_pedestal,5200,25.0,100.0,0.5083333333333333,0.0014913417086636844
adaptive_pedestal,5200,25.0,100.0,0.5166666666666666,0.0017903371734509206
adaptive_pedestal,5200,25.0,100.0,0.525,0.00213587228568796
adaptive_pedestal,5200,25.0,100.0,0.5333333333333333,0.002532682330553267
adaptive_pedestal,5200,25.0,100.0,0.5416666666666666,0.0029856075975054
adaptive_pedestal,5200,25.0,100.0,0.55,0.003499548431652972
adaptive_pedestal,5200,25.0,100.0,0.5583333333333333,0.004079417811860935
adaptive_pedestal,5200,25.0,100.0,0.5666666666666667,0.004730092401710485
adaptive_pedestal,5200,25.0,100.0,0.575,0.005456363040231328
adaptive_pedestal,5200,25.0,100.0,0.5833333333333334,0.006262885628709424
adaptive_pedestal,5200,25.0,100.0,0.5916666666666667,0.007154133330422518
adaptive_pedestal,5200,25.0,100.0,0.6,0.008134350935475002
adaptive_pedestal,5200,25.0,100.0,0.6083333333333333,0.009207512157315424
adaptive_pedestal,5200,25.0,100.0,0.6166666666666667,0.010377280525770284
adaptive_pedestal,5200,25.0,100.0,0.625,0.011646974428404535
adaptive_pedestal,5200,25.0,100.0,0.6333333333333333,0.01301953673250826
adaptive_pedestal,5200,25.0,100.0,0.6416666666666666,0.014497509298489177
adaptive_pedestal,5200,25.0,100.0,0.65,0.016083012575946163
adaptive_pedestal,5200,25.0,100.0,0.6583333333333333,0.017777730359658236
adaptive_pedestal,5200,25.0,100.0,0.6666666666666666,0.019582899676975688
adaptive_pedestal,5200,25.0,100.0,0.675,0.021499305682818524
adaptive_pedestal,5200,25.0,100.0,0.6833333333333333,0.023527281355213724
adaptive_pedestal,5200,25.0,100.0,0.6916666666666667,0.02566671171399003
adaptive_pedestal,5200,25.0,100.0,0.7,0.02791704222831489
adaptive_pedestal,5200,25.0,100.0,0.7083333333333334,0.030277291035186386
adaptive_pedestal,5200,25.0,100.0,0.7166666666666667,0.032746064560392286
adaptive_pedestal,5200,25.0,100.0,0.725,0.03532157611516928
adaptive_pedestal,5200,25.0,100.0,0.7333333333333333,0.038001667034996064
adaptive_pedestal,5200,25.0,100.0,0.7416666666666667,0.04078382993068568
adaptive_pedestal,5200,25.0,100.0,0.75,0.04366523363521079
adaptive_pedestal,5200,25.0,100.0,0.7583333333333333,0.046642749451493895
adaptive_pedestal,5200,25.0,100.0,0.7666666666666666,0.0497129783357361
adaptive_pedestal,5200,25.0,100.0,0.775,0.05287227868675966
adaptive_pedestal,5200,25.0,100.0,0.7833333333333333,0.05611679445330321
adaptive_pedestal,5200,25.0,100.0,0.7916666666666666,0.05944248331717679
adaptive_pedestal,5200,25.0,100.0,0.8,0.06284514475947992
adaptive_pedestal,5200,25.0,100.0,0.8083333333333333,0.06632044786837563
adaptive_pedestal,5200,25.0,100.0,0.8166666666666667,0.06986395879864864
adaptive_pedestal,5200,25.0,100.0,0.825,0.07347116784367783
adaptive_pedestal,5200,25.0,100.0,0.8333333333333334,0.07713751612755687
adaptive_pedestal,5200,25.0,100.0,0.8416666666666667,0.08085842196674745
adaptive_pedestal,5200,25.0,100.0,0.85,0.08462930698466196
adaptive_pedestal,5200,25.0,100.0,0.8583333333333333,0.08844562208681607
adaptive_pedestal,5200,25.0,100.0,0.8666666666666667,0.09230287341675372
adaptive_pedestal,5200,25.0,100.0,0.875,0.09619664841233073
adaptive_pedestal,5200,25.0,100.0,0.8833333333333333,0.10012264206717104
adaptive_pedestal,5200,25.0,100.0,0.8916666666666666,0.10407668347292129
adaptive_pedestal,5200,25.0,100.0,0.9,0.10805476267483881
adaptive_pedestal,5200,25.0,100.0,0.9083333333333333,0.11205305781759722
adaptive_pedestal,5200,25.0,100.0,0.9166666666666666,0.11606796249214793
adaptive_pedestal,5200,25.0,100.0,0.9249999999999999,0.12009611312092533
adaptive_pedestal,5200,25.0,100.0,0.9333333333333333,0.12413441614112279
adaptive_pedestal,5200,25.0,100.0,0.9416666666666667,0.1281800746680951
adaptive_pedestal,5200,25.0,100.0,0.95,0.13223061424727023
adaptive_pedestal,5200,25.0,100.0,0.9583333333333334,0.13628390723730974
adaptive_pedestal,5200,25.0,100.0,0.9666666666666667,0.14033819531345193
adaptive_pedestal,5200,25.0,100.0,0.975,0.1443921095412496
adaptive_pedestal,5200,25.0,100.0,0.9833333333333333,0.14844468744989933
adaptive_pedestal,5200,25.0,100.0,0.9916666666666667,0.15249538653281103
adaptive_pedestal,5200,25.0,100.0,1.0,0.15654409362184987
adaptive_pedestal,10000,25.0,100.0,0.0,3.2824458414138512e-15
adaptive_pedestal,10000,25.0,100.0,0.008333333333333333,3.338978801084926e-15
adaptive_pedestal,10000,25.0,100.0,0.016666666666666666,3.5144640704274955e-15
adaptive_pedestal,10000,25.0,100.0,0.025,3.826643343330411e-15
adaptive_pedestal,10000,25.0,100.0,0.03333333333333333,4.30812491227549e-15
adaptive_pedestal,10000,25.0,100.0,0.041666666666666664,5.0122201715189856e-15
adaptive_pedestal,10000,25.0,100.0,0.05,6.021551848157931e-15
adaptive_pedestal,10000,25.0,100.0,0.058333333333333334,7.463816229454132e-15
adaptive_pedestal,10000,25.0,100.0,0.06666666666666667,9.53500932503179e-15
adaptive_pedestal,10000,25.0,100.0,0.075,1.2539981558922466e-14
adaptive_pedestal,10000,25.0,100.0,0.08333333333333333,1.6956761969316915e-14
adaptive_pedestal,10000,25.0,100.0,0.09166666666666666,2.3543160245213912e-14
adaptive_pedestal,10000,25.0,100.0,0.1,3.351443891447318e-14
adaptive_pedestal,10000,25.0,100.0,0.10833333333333334,4.8840293366950313e-14
adaptive_pedestal,10000,25.0,100.0,0.11666666666666667,7.274659072649046e-14
adaptive_pedestal,10000,25.0,100.0,0.125,1.1056583512236215e-13
adaptive_pedestal,10000,25.0,100.0,0.13333333333333333,1.7118912533186366e-13
adaptive_pedestal,10000,25.0,100.0,0.14166666666666666,2.695517161772762e-13
adaptive_pedestal,10000,25.0,100.0,0.15,4.309033306245702e-13
adaptive_pedestal,10000,25.0,100.0,0.15833333333333333,6.981559771657569e-13
adaptive_pedestal,10000,25.0,100.0,0.16666666666666666,1.1445385021575034e-12
adaptive_pedestal,10000,25.0,100.0,0.175,1.8953788242394475e-12
adaptive_pedestal,10000,25.0,100.0,0.18333333333333332,3.1655410280806315e-12
adaptive_pedestal,10000,25.0,100.0,0.19166666666666665,5.323587638968114e-12
adaptive_pedestal,10000,25.0,100.0,0.2,9.001338371182945e-12
adaptive_pedestal,10000,25.0,100.0,0.20833333333333334,1.528000985435865e-11
adaptive_pedestal,10000,25.0,100.0,0.21666666666666667,2.6004602359032285e-11
adaptive_pedestal,10000,25.0,100.0,0.225,4.431118659100924e-11
adaptive_pedestal,10000,25.0,100.0,0.23333333333333334,7.55042892722616e-11
adaptive_pedestal,10000,25.0,100.0,0.24166666666666667,1.2850394858455515e-10
adaptive_pedestal,10000,25.0,100.0,0.25,2.1820927636414448e-10
adaptive_pedestal,10000,25.0,100.0,0.2583333333333333,3.693186431630852e-10
adaptive_pedestal,10000,25.0,100.0,0.26666666666666666,6.224351281623473e-10
adaptive_pedestal,10000,25.0,100.0,0.275,1.043708578390877e-09
adaptive_pedestal,10000,25.0,100.0,0.2833333333333333,1.739872973213388e-09
adaptive_pedestal,10000,25.0,100.0,0.2916666666666667,2.8813925918417804e-09
adaptive_pedestal,10000,25.0,100.0,0.3,4.737607805651444e-09
adaptive_pedestal,10000,25.0,100.0,0.30833333333333335,7.729356172401036e-09
adaptive_pedestal,10000,25.0,100.0,0.31666666666666665,1.2506627168523119e-08
adaptive_pedestal,10000,25.0,100.0,0.325,2.006147641525698e-08
adaptive_pedestal,10000,25.0,100.0,0.3333333333333333,3.1889749541917974e-08
adaptive_pedestal,10000,25.0,100.0,0.3416666666666667,5.021918754636528e-08
adaptive_pedestal,10000,25.0,100.0,0.35,7.832619493626439e-08
adaptive_pedestal,10000,25.0,100.0,0.35833333333333334,1.2096886813430097e-07
adaptive_pedestal,10000,25.0,100.0,0.36666666666666664,1.8496963230744015e-07
adaptive_pedestal,10000,25.0,100.0,0.375,2.7998674013335876e-07
adaptive_pedestal,10000,25.0,100.0,0.3833333333333333,4.1951955003890724e-07
adaptive_pedestal,10000,25.0,100.0,0.39166666666666666,6.221974146763919e-07
adaptive_pedestal,10000,25.0,100.0,0.4,9.134055667465499e-07
adaptive_pedestal,10000,25.0,100.0,0.4083333333333333,1.327302919082535e-06
adaptive_pedestal,10000,25.0,100.0,0.4166666666666667,1.909285514515308e-06
adaptive_pedestal,10000,25.0,100.0,0.425,2.718944830912378e-06
adaptive_pedestal,10000,25.0,100.0,0.43333333333333335,3.833561747737922e-06
adaptive_pedestal,10000,25.0,100.0,0.44166666666666665,5.35216438148424e-06
adaptive_pedestal,10000,25.0,100.0,0.45,7.400161121554065e-06
adaptive_pedestal,10000,25.0,100.0,0.4583333333333333,1.0134539272547405e-05
adaptive_pedestal,10000,25.0,100.0,0.4666666666666667,1.3749595291124905e-05
adaptive_pedestal,10000,25.0,100.0,0.475,1.8483135582407252e-05
adaptive_pedestal,10000,25.0,100.0,0.48333333333333334,2.4623058375497857e-05
adaptive_pedestal,10000,25.0,100.0,0.49166666666666664,3.2514198747385365e-05
adaptive_pedestal,10000,25.0,100.0,0.5,4.256529197205376e-05
adaptive_pedestal,10000,25.0,100.0,0.5083333333333333,5.52558866391251e-05
adaptive_pedestal,10000,25.0,100.0,0.5166666666666666,7.114301994030022e-05
adaptive_pedestal,10000,25.0,100.0,0.525,9.086745450013037e-05
adaptive_pedestal,10000,25.0,100.0,0.5333333333333333,0.0001151592701798706
adaptive_pedestal,10000,25.0,100.0,0.5416666666666666,0.00014484260609153387
adaptive_pedestal,10000,25.0,100.0,0.55,0.00018083935788878506
adaptive_pedestal,10000,25.0,100.0,0.5583333333333333,0.00022417165308055074
adaptive_pedestal,10000,25.0,100.0,0.5666666666666667,0.00027596295204842803
adaptive_pedestal,10000,25.0,100.0,0.575,0.00033743765366703684
adaptive_pedestal,10000,25.0,100.0,0.5833333333333334,0.0004099191206425837
adaptive_pedestal,10000,25.0,100.0,0.5916666666666667,0.000494826079388996
adaptive_pedestal,10000,25.0,100.0,0.6,0.0005936673908118715
adaptive_pedestal,10000,25.0,100.0,0.6083333333333333,0.0007080352300952682
adaptive_pedestal,10000,25.0,100.0,0.6166666666666667,0.000839596753871944
adaptive_pedestal,10000,25.0,100.0,0.625,0.000990084370532534
adaptive_pedestal,10000,25.0,100.0,0.6333333333333333,0.0011612847626299618
adaptive_pedestal,10000,25.0,100.0,0.6416666666666666,0.0013550268383535383
adaptive_pedestal,10000,25.0,100.0,0.65,0.0015731688111589282
adaptive_pedestal,10000,25.0,100.0,0.6583333333333333,0.0018175846224131457
adaptive_pedestal,10000,25.0,100.0,0.6666666666666666,0.002090149931204239
adaptive_pedestal,10000,25.0,100.0,0.675,0.002392727898390729
adaptive_pedestal,10000,25.0,100.0,0.6833333333333333,0.0027271549888771922
adaptive_pedestal,10000,25.0,100.0,0.6916666666666667,0.0030952270075407505
adaptive_pedestal,10000,25.0,100.0,0.7,0.0034986855708842943
adaptive_pedestal,10000,25.0,100.0,0.7083333333333334,0.0039392051991462545
adaptive_pedestal,10000,25.0,100.0,0.7166666666666667,0.00441838119309388
adaptive_pedestal,10000,25.0,100.0,0.725,0.004937718436930762
adaptive_pedestal,10000,25.0,100.0,0.7333333333333333,0.005498621244495589
adaptive_pedestal,10000,25.0,100.0,0.7416666666666667,0.006102384341012325
adaptive_pedestal,10000,25.0,100.0,0.75,0.006750185047788264
adaptive_pedestal,10000,25.0,100.0,0.7583333333333333,0.007443076713079924
adaptive_pedestal,10000,25.0,100.0,0.7666666666666666,0.008181983409388085
adaptive_pedestal,10000,25.0,100.0,0.775,0.008967695896137565
adaptive_pedestal,10000,25.0,100.0,0.7833333333333333,0.009800868827369465
adaptive_pedestal,10000,25.0,100.0,0.7916666666666666,0.010682019166959092
adaptive_pedestal,10000,25.0,100.0,0.8,0.011611525759112505
adaptive_pedestal,10000,25.0,100.0,0.8083333333333333,0.012589629989544847
adaptive_pedestal,10000,25.0,100.0,0.8166666666666667,0.013616437462803027
adaptive_pedestal,10000,25.0,100.0,0.825,0.014691920613584888
adaptive_pedestal,10000,25.0,100.0,0.8333333333333334,0.015815922164519082
adaptive_pedestal,10000,25.0,100.0,0.8416666666666667,0.016988159339546657
adaptive_pedestal,10000,25.0,100.0,0.85,0.018208228740608456
adaptive_pedestal,10000,25.0,100.0,0.8583333333333333,0.019475611795593165
adaptive_pedestal,10000,25.0,100.0,0.8666666666666667,0.02078968068723279
adaptive_pedestal,10000,25.0,100.0,0.875,0.022149704675632226
adaptive_pedestal,10000,25.0,100.0,0.8833333333333333,0.02355485673117634
adaptive_pedestal,10000,25.0,100.0,0.8916666666666666,0.02500422039946967
adaptive_pedestal,10000,25.0,100.0,0.9,0.026496796825528256
adaptive_pedestal,10000,25.0,100.0,0.9083333333333333,0.028031511870478427
adaptive_pedestal,10000,25.0,100.0,0.9166666666666666,0.0296072232603513
adaptive_pedestal,10000,25.0,100.0,0.9249999999999999,0.031222727713026296
adaptive_pedestal,10000,25.0,100.0,0.9333333333333333,0.03287676799584006
adaptive_pedestal,10000,25.0,100.0,0.9416666666666667,0.034568039872696715
adaptive_pedestal,10000,25.0,100.0,0.95,0.036295198905587335
adaptive_pedestal,10000,25.0,100.0,0.9583333333333334,0.03805686708115038
adaptive_pedestal,10000,25.0,100.0,0.9666666666666667,0.03985163923820649
adaptive_pedestal,10000,25.0,100.0,0.975,0.04167808927701276
adaptive_pedestal,10000,25.0,100.0,0.9833333333333333,0.043534776135269626
adaptive_pedestal,10000,25.0,100.0,0.9916666666666667,0.04542024951964661
adaptive_pedestal,10000,25.0,100.0,1.0,0.047333055384766835
adaptive_pedestal,15000,25.0,100.0,0.0,9.796258482549565e-16
adaptive_pedestal,15000,25.0,100.0,0.008333333333333333,9.971656138384141e-16
adaptive_pedestal,15000,25.0,100.0,0.016666666666666666,1.0513631575630048e-15
adaptive_pedestal,15000,25.0,100.0,0.025,1.1478070585459672e-15
adaptive_pedestal,15000,25.0,100.0,0.03333333333333333,1.2971676407197908e-15
adaptive_pedestal,15000,25.0,100.0,0.041666666666666664,1.5163597495709513e-15
adaptive_pedestal,15000,25.0,100.0,0.05,1.8325014001292105e-15
adaptive_pedestal,15000,25.0,100.0,0.058333333333333334,2.287066072357381e-15
adaptive_pedestal,15000,25.0,100.0,0.06666666666666667,2.9449041262500205e-15
adaptive_pedestal,15000,25.0,100.0,0.075,3.907396722628048e-15
adaptive_pedestal,15000,25.0,100.0,0.08333333333333333,5.335685493667505e-15
adaptive_pedestal,15000,25.0,100.0,0.09166666666666666,7.487610039344879e-15
adaptive_pedestal,15000,25.0,100.0,0.1,1.0782346433080446e-14
adaptive_pedestal,15000,25.0,100.0,0.10833333333333334,1.5907794398511986e-14
adaptive_pedestal,15000,25.0,100.0,0.11666666666666667,2.4005781298530563e-14
adaptive_pedestal,15000,25.0,100.0,0.125,3.699172074611435e-14
adaptive_pedestal,15000,25.0,100.0,0.13333333333333333,5.810688443565789e-14
adaptive_pedestal,15000,25.0,100.0,0.14166666666666666,9.288090123112848e-14
adaptive_pedestal,15000,25.0,100.0,0.15,1.5081327904030293e-13
adaptive_pedestal,15000,25.0,100.0,0.15833333333333333,2.483181932673978e-13
adaptive_pedestal,15000,25.0,100.0,0.16666666666666666,4.138873324187618e-13
adaptive_pedestal,15000,25.0,100.0,0.175,6.971405622061173e-13
adaptive_pedestal,15000,25.0,100.0,0.18333333333333332,1.18467931138978e-12
adaptive_pedestal,15000,25.0,100.0,0.19166666666666665,2.0277765128666673e-12
adaptive_pedestal,15000,25.0,100.0,0.2,3.490592974280248e-12
adaptive_pedestal,15000,25.0,100.0,0.20833333333333334,6.033724333915557e-12
adaptive_pedestal,15000,25.0,100.0,0.21666666666666667,1.0458162990758098e-11
adaptive_pedestal,15000,25.0,100.0,0.225,1.815167235645322e-11
adaptive_pedestal,15000,25.0,100.0,0.23333333333333334,3.1507177047099944e-11
adaptive_pedestal,15000,25.0,100.0,0.24166666666666667,5.4627096455130994e-11
adaptive_pedestal,15000,25.0,100.0,0.25,9.449771482052063e-11
adaptive_pedestal,15000,25.0,100.0,0.2583333333333333,1.6292692400019548e-10
adaptive_pedestal,15000,25.0,100.0,0.26666666666666666,2.797059089256954e-10
adaptive_pedestal,15000,25.0,100.0,0.275,4.777067324446598e-10
adaptive_pedestal,15000,25.0,100.0,0.2833333333333333,8.109985014644027e-10
adaptive_pedestal,15000,25.0,100.0,0.2916666666666667,1.3676007208566986e-09
adaptive_pedestal,15000,25.0,100.0,0.3,2.2892510145444127e-09
adaptive_pedestal,15000,25.0,100.0,0.30833333333333335,3.801614698044113e-09
adaptive_pedestal,15000,25.0,100.0,0.31666666666666665,6.259784671415511e-09
adaptive_pedestal,15000,25.0,100.0,0.325,1.0215796271366587e-08
adaptive_pedestal,15000,25.0,100.0,0.3333333333333333,1.651729581578066e-08
adaptive_pedestal,15000,25.0,100.0,0.3416666666666667,2.6449523671961506e-08
adaptive_pedestal,15000,25.0,100.0,0.35,4.193644553999574e-08
adaptive_pedestal,15000,25.0,100.0,0.35833333333333334,6.58211872017351e-08
adaptive_pedestal,15000,25.0,100.0,0.36666666666666664,1.0225083202315696e-07
adaptive_pedestal,15000,25.0,100.0,0.375,1.5719597776308385e-07
adaptive_pedestal,15000,25.0,100.0,0.3833333333333333,2.391409720623065e-07
adaptive_pedestal,15000,25.0,100.0,0.39166666666666666,3.599860994277481e-07
adaptive_pedestal,15000,25.0,100.0,0.4,5.362077158608683e-07
adaptive_pedestal,15000,25.0,100.0,0.4083333333333333,7.903258682378634e-07
adaptive_pedestal,15000,25.0,100.0,0.4166666666666667,1.152730679387623e-06
adaptive_pedestal,15000,25.0,100.0,0.425,1.6639180926469344e-06
adaptive_pedestal,15000,25.0,100.0,0.43333333333333335,2.377181854660645e-06
adaptive_pedestal,15000,25.0,100.0,0.44166666666666665,3.3618013761763722e-06
adaptive_pedestal,15000,25.0,100.0,0.45,4.706754018248129e-06
adaptive_pedestal,15000,25.0,100.0,0.4583333333333333,6.5249653032831955e-06
adaptive_pedestal,15000,25.0,100.0,0.4666666666666667,8.958091718474766e-06
adaptive_pedestal,15000,25.0,100.0,0.475,1.2181808636086266e-05
adaptive_pedestal,15000,25.0,100.0,0.48333333333333334,1.6411551195643286e-05
adaptive_pedestal,15000,25.0,100.0,0.49166666666666664,2.1908629828087983e-05
adaptive_pedestal,15000,25.0,100.0,0.5,2.8986615723517345e-05
adaptive_pedestal,15000,25.0,100.0,0.5083333333333333,3.8017866368472784e-05
adaptive_pedestal,15000,25.0,100.0,0.5166666666666666,4.9440038770971786e-05
adaptive_pedestal,15000,25.0,100.0,0.525,6.37624195619918e-05
adaptive_pedestal,15000,25.0,100.0,0.5333333333333333,8.157188806394598e-05
adaptive_pedestal,15000,25.0,100.0,0.5416666666666666,0.00010353832165316679
adaptive_pedestal,15000,25.0,100.0,0.55,0.00013041925299380505
adaptive_pedestal,15000,25.0,100.0,0.5583333333333333,0.00016306359629161653
adaptive_pedestal,15000,25.0,100.0,0.5666666666666667,0.00020241427452024198
adaptive_pedestal,15000,25.0,100.0,0.575,0.0002495096011364504
adaptive_pedestal,15000,25.0,100.0,0.5833333333333334,0.0003054832973003482
adaptive_pedestal,15000,25.0,100.0,0.5916666666666667,0.00037156305793393553
adaptive_pedestal,15000,25.0,100.0,0.6,0.00044906761575124507
adaptive_pedestal,15000,25.0,100.0,0.6083333333333333,0.0005394022902056921
adaptive_pedestal,15000,25.0,100.0,0.6166666666666667,0.0006440530466093825
adaptive_pedestal,15000,25.0,100.0,0.625,0.0007645791280081125
adaptive_pedestal,15000,25.0,100.0,0.6333333333333333,0.0009026043573799979
adaptive_pedestal,15000,25.0,100.0,0.6416666666666666,0.0010598072391766948
adaptive_pedestal,15000,25.0,100.0,0.65,0.001237910016176927
adaptive_pedestal,15000,25.0,100.0,0.6583333333333333,0.0014386668593555966
adaptive_pedestal,15000,25.0,100.0,0.6666666666666666,0.0016638513845329684
adaptive_pedestal,15000,25.0,100.0,0.675,0.0019152436997635143
adaptive_pedestal,15000,25.0,100.0,0.6833333333333333,0.002194617191797586
adaptive_pedestal,15000,25.0,100.0,0.6916666666666667,0.002503725258765434
adaptive_pedestal,15000,25.0,100.0,0.7,0.002844288189933834
adaptive_pedestal,15000,25.0,100.0,0.7083333333333334,0.003217980382554211
adaptive_pedestal,15000,25.0,100.0,0.7166666666666667,0.0036264180711459595
adaptive_pedestal,15000,25.0,100.0,0.725,0.004071147726781623
adaptive_pedestal,15000,25.0,100.0,0.7333333333333333,0.004553635263837645
adaptive_pedestal,15000,25.0,100.0,0.7416666666666667,0.005075256170002762
adaptive_pedestal,15000,25.0,100.0,0.75,0.005637286652826232
adaptive_pedestal,15000,25.0,100.0,0.7583333333333333,0.006240895873404347
adaptive_pedestal,15000,25.0,100.0,0.7666666666666666,0.006887139315542284
adaptive_pedestal,15000,25.0,100.0,0.775,0.0075769533173984695
adaptive_pedestal,15000,25.0,100.0,0.7833333333333333,0.008311150772637768
adaptive_pedestal,15000,25.0,100.0,0.7916666666666666,0.009090417989819154
adaptive_pedestal,15000,25.0,100.0,0.8,0.009915312682357433
adaptive_pedestal,15000,25.0,100.0,0.8083333333333333,0.010786263047092064
adaptive_pedestal,15000,25.0,100.0,0.8166666666666667,0.011703567877339937
adaptive_pedestal,15000,25.0,100.0,0.825,0.012667397646327858
adaptive_pedestal,15000,25.0,100.0,0.8333333333333334,0.01367779648904865
adaptive_pedestal,15000,25.0,100.0,0.8416666666666667,0.014734685004772817
adaptive_pedestal,15000,25.0,100.0,0.85,0.015837863798558765
adaptive_pedestal,15000,25.0,100.0,0.8583333333333333,0.01698701767797753
adaptive_pedestal,15000,25.0,100.0,0.8666666666666667,0.018181720420742835
adaptive_pedestal,15000,25.0,100.0,0.875,0.01942144002982098
adaptive_pedestal,15000,25.0,100.0,0.8833333333333333,0.02070554439471169
adaptive_pedestal,15000,25.0,100.0,0.8916666666666666,0.022033307280738466
adaptive_pedestal,15000,25.0,100.0,0.9,0.023403914572193922
adaptive_pedestal,15000,25.0,100.0,0.9083333333333333,0.024816470699864503
adaptive_pedestal,15000,25.0,100.0,0.9166666666666666,0.02627000518864349
adaptive_pedestal,15000,25.0,100.0,0.9249999999999999,0.027763479266478094
adaptive_pedestal,15000,25.0,100.0,0.9333333333333333,0.029295792481626795
adaptive_pedestal,15000,25.0,100.0,0.9416666666666667,0.0308657892810142
adaptive_pedestal,15000,25.0,100.0,0.95,0.032472265508219786
adaptive_pedestal,15000,25.0,100.0,0.9583333333333334,0.034113974785238456
adaptive_pedestal,15000,25.0,100.0,0.9666666666666667,0.03578963474750624
adaptive_pedestal,15000,25.0,100.0,0.975,0.037497933106711345
adaptive_pedestal,15000,25.0,100.0,0.9833333333333333,0.03923753352056794
adaptive_pedestal,15000,25.0,100.0,0.9916666666666667,0.04100708125294679
adaptive_pedestal,15000,25.0,100.0,1.0,0.042805208611525154
fixed_threshold,5200,25.0,100.0,0.0,8.714359529123015e-07
fixed_threshold,5200,25.0,100.0,0.008333333333333333,8.80281027948519e-07
fixed_threshold,5200,25.0,100.0,0.016666666666666666,9.066249808037276e-07
fixed_threshold,5200,25.0,100.0,0.025,9.518712649136458e-07
fixed_threshold,5200,25.0,100.0,0.03333333333333333,1.0184675747612992e-06
fixed_threshold,5200,25.0,100.0,0.041666666666666664,1.1100971499687527e-06
fixed_threshold,5200,25.0,100.0,0.05,1.2319698642036182e-06
fixed_threshold,5200,25.0,100.0,0.058333333333333334,1.3912393536191902e-06
fixed_threshold,5200,25.0,100.0,0.06666666666666667,1.5975836282701132e-06
fixed_threshold,5200,25.0,100.0,0.075,1.8640008769839423e-06
fixed_threshold,5200,25.0,100.0,0.08333333333333333,2.2078905069612817e-06
fixed_threshold,5200,25.0,100.0,0.09166666666666666,2.652512988195465e-06
fixed_threshold,5200,25.0,100.0,0.1,3.228952065906962e-06
fixed_threshold,5200,25.0,100.0,0.10833333333333334,3.978740704953471e-06
fixed_threshold,5200,25.0,100.0,0.11666666666666667,4.957359050120241e-06
fixed_threshold,5200,25.0,100.0,0.125,6.23886982214406e-06
fixed_threshold,5200,25.0,100.0,0.13333333333333333,7.922024528347564e-06
fixed_threshold,5200,25.0,100.0,0.14166666666666666,1.0138252384652782e-05
fixed_threshold,5200,25.0,100.0,0.15,1.3062031296524084e-05
fixed_threshold,5200,25.0,100.0,0.15833333333333333,1.692423306120949e-05
fixed_threshold,5200,25.0,100.0,0.16666666666666666,2.20291269967583e-05
fixed_threshold,5200,25.0,100.0,0.175,2.8775808193198256e-05
fixed_threshold,5200,25.0,100.0,0.18333333333333332,3.7684875686556864e-05
fixed_threshold,5200,25.0,100.0,0.19166666666666665,4.94312056372434e-05
fixed_threshold,5200,25.0,100.0,0.2,6.488362548062078e-05
fixed_threshold,5200,25.0,100.0,0.20833333333333334,8.51521755081705e-05
fixed_threshold,5200,25.0,100.0,0.21666666666666667,0.00011164342304651374
fixed_threshold,5200,25.0,100.0,0.225,0.00014612395296795963
fixed_threshold,5200,25.0,100.0,0.23333333333333334,0.0001907916849787389
fixed_threshold,5200,25.0,100.0,0.24166666666666667,0.0002483540619146202
fixed_threshold,5200,25.0,100.0,0.25,0.00032211142748533574
fixed_threshold,5200,25.0,100.0,0.2583333333333333,0.00041604309723278525
fixed_threshold,5200,25.0,100.0,0.26666666666666666,0.0005348927721393616
fixed_threshold,5200,25.0,100.0,0.275,0.00068424911701243
fixed_threshold,5200,25.0,100.0,0.2833333333333333,0.000870616605698047
fixed_threshold,5200,25.0,100.0,0.2916666666666667,0.001101471209437093
fixed_threshold,5200,25.0,100.0,0.3,0.0013852952582561896
fixed_threshold,5200,25.0,100.0,0.30833333333333335,0.0017315859107257603
fixed_threshold,5200,25.0,100.0,0.31666666666666665,0.0021508321744834577
fixed_threshold,5200,25.0,100.0,0.325,0.0026544563468021147
fixed_threshold,5200,25.0,100.0,0.3333333333333333,0.003254717071976532
fixed_threshold,5200,25.0,100.0,0.3416666666666667,0.003964572882084845
fixed_threshold,5200,25.0,100.0,0.35,0.0047975070051748175
fixed_threshold,5200,25.0,100.0,0.35833333333333334,0.005767316266644811
fixed_threshold,5200,25.0,100.0,0.36666666666666664,0.006887868934107167
fixed_threshold,5200,25.0,100.0,0.375,0.008172838217236559
fixed_threshold,5200,25.0,100.0,0.3833333333333333,0.009635419695103209
fixed_threshold,5200,25.0,100.0,0.39166666666666666,0.011288042089373158
fixed_threshold,5200,25.0,100.0,0.4,0.013142081449870951
fixed_threshold,5200,25.0,100.0,0.4083333333333333,0.015207588925585455
fixed_threshold,5200,25.0,100.0,0.4166666666666667,0.017493041856895843
fixed_threshold,5200,25.0,100.0,0.425,0.020005126981017588
fixed_threshold,5200,25.0,100.0,0.43333333333333335,0.022748563164405145
fixed_threshold,5200,25.0,100.0,0.44166666666666665,0.0257259693616936
fixed_threshold,5200,25.0,100.0,0.45,0.0289377815663044
fixed_threshold,5200,25.0,100.0,0.4583333333333333,0.03238222048547255
fixed_threshold,5200,25.0,100.0,0.4666666666666667,0.03605530966166615
fixed_threshold,5200,25.0,100.0,0.475,0.039950941881356124
fixed_threshold,5200,25.0,100.0,0.48333333333333334,0.04406099005117885
fixed_threshold,5200,25.0,100.0,0.49166666666666664,0.04837545734891175
fixed_threshold,5200,25.0,100.0,0.5,0.0528826604162622
fixed_threshold,5200,25.0,100.0,0.5083333333333333,0.05756943867197046
fixed_threshold,5200,25.0,100.0,0.5166666666666666,0.06242138248443597
fixed_threshold,5200,25.0,100.0,0.525,0.06742307293100992
fixed_threshold,5200,25.0,100.0,0.5333333333333333,0.07255832614909843
fixed_threshold,5200,25.0,100.0,0.5416666666666666,0.0778104358043737
fixed_threshold,5200,25.0,100.0,0.55,0.08316240790960928
fixed_threshold,5200,25.0,100.0,0.5583333333333333,0.08859718306783894
fixed_threshold,5200,25.0,100.0,0.5666666666666667,0.09409784213128955
fixed_threshold,5200,25.0,100.0,0.575,0.09964779221312062
fixed_threshold,5200,25.0,100.0,0.5833333333333334,0.1052309309197386
fixed_threshold,5200,25.0,100.0,0.5916666666666667,0.11083178755327047
fixed_threshold,5200,25.0,100.0,0.6,0.11643564084239792
fixed_threshold,5200,25.0,100.0,0.6083333333333333,0.1220286134811615
fixed_threshold,5200,25.0,100.0,0.6166666666666667,0.1275977443858953
fixed_threshold,5200,25.0,100.0,0.625,0.13313104012621985
fixed_threshold,5200,25.0,100.0,0.6333333333333333,0.13861750746117674
fixed_threshold,5200,25.0,100.0,0.6416666666666666,0.14404716933559017
fixed_threshold,5200,25.0,100.0,0.65,0.1494110670847585
fixed_threshold,5200,25.0,100.0,0.6583333333333333,0.15470125197247134
fixed_threshold,5200,25.0,100.0,0.6666666666666666,0.15991076955050207
fixed_threshold,5200,25.0,100.0,0.675,0.1650336406601181
fixed_threshold,5200,25.0,100.0,0.6833333333333333,0.17006484315636156
fixed_threshold,5200,25.0,100.0,0.6916666666666667,0.1750002985572887
fixed_threshold,5200,25.0,100.0,0.7,0.17983686771634402
fixed_threshold,5200,25.0,100.0,0.7083333333333334,0.1845723591919298
fixed_threshold,5200,25.0,100.0,0.7166666666666667,0.18920555315948034
fixed_threshold,5200,25.0,100.0,0.725,0.1937362424254701
fixed_threshold,5200,25.0,100.0,0.7333333333333333,0.1981652903608156
fixed_threshold,5200,25.0,100.0,0.7416666666666667,0.2024947034438213
fixed_threshold,5200,25.0,100.0,0.75,0.206727713737126
fixed_threshold,5200,25.0,100.0,0.7583333333333333,0.21086886423555665
fixed_threshold,5200,25.0,100.0,0.7666666666666666,0.21492408787842007
fixed_threshold,5200,25.0,100.0,0.775,0.21890076940426553
fixed_threshold,5200,25.0,100.0,0.7833333333333333,0.2228077784012195
fixed_threshold,5200,25.0,100.0,0.7916666666666666,0.2266554620737724
fixed_threshold,5200,25.0,100.0,0.8,0.23045558751538184
fixed_threshold,5200,25.0,100.0,0.8083333333333333,0.23422122563730563
fixed_threshold,5200,25.0,100.0,0.8166666666666667,0.23796657222682804
fixed_threshold,5200,25.0,100.0,0.825,0.2417067056488144
fixed_threshold,5200,25.0,100.0,0.8333333333333334,0.24545728513177262
fixed_threshold,5200,25.0,100.0,0.8416666666666667,0.24923419800977636
fixed_threshold,5200,25.0,100.0,0.85,0.253053168331075
fixed_threshold,5200,25.0,100.0,0.8583333333333333,0.2569293425308895
fixed_threshold,5200,25.0,100.0,0.8666666666666667,0.26087687010577504
fixed_threshold,5200,25.0,100.0,0.875,0.2649084982212545
fixed_threshold,5200,25.0,100.0,0.8833333333333333,0.26903519884524557
fixed_threshold,5200,25.0,100.0,0.8916666666666666,0.273265845353641
fixed_threshold,5200,25.0,100.0,0.9,0.27760695273507685
fixed_threshold,5200,25.0,100.0,0.9083333333333333,0.2820624917549254
fixed_threshold,5200,25.0,100.0,0.9166666666666666,0.2866337830197651
fixed_threshold,5200,25.0,100.0,0.9249999999999999,0.29131947215491083
fixed_threshold,5200,25.0,100.0,0.9333333333333333,0.2961155826316015
fixed_threshold,5200,25.0,100.0,0.9416666666666667,0.3010156385150239
fixed_threshold,5200,25.0,100.0,0.95,0.30601084587813937
fixed_threshold,5200,25.0,100.0,0.9583333333333334,0.3110903191146421
fixed_threshold,5200,25.0,100.0,0.9666666666666667,0.3162413370868086
fixed_threshold,5200,25.0,100.0,0.975,0.3214496140635194
fixed_threshold,5200,25.0,100.0,0.9833333333333333,0.3266995717308355
fixed_threshold,5200,25.0,100.0,0.9916666666666667,0.33197460106111637
fixed_threshold,5200,25.0,100.0,1.0,0.3372573062554851
